path	package	top_level_declarations
app/src/main/java/org/oxycblt/auxio/shippy/r16/authority/R16ActiveDataRuntimeOwner.kt	org.oxycblt.auxio.shippy.r16.authority	class R16ActiveDataRuntimeOwner; object R16ActiveDataRuntimeOwnerModule
app/src/main/java/org/oxycblt/auxio/shippy/r16/authority/R16AuthoritySelector.kt	org.oxycblt.auxio.shippy.r16.authority	class R16AuthorityMode; class R16AuthoritySelector
app/src/main/java/org/oxycblt/auxio/shippy/r16/backup/R16BackupAdapters.kt	org.oxycblt.auxio.shippy.r16.backup	class R16PortableSettingsAdapter; class R16SanitizedLastFmConfigAdapter
app/src/main/java/org/oxycblt/auxio/shippy/r16/browser/R16BrowserPlaybackRouter.kt	org.oxycblt.auxio.shippy.r16.browser	class R16BrowserPlaybackRouter; interface R16BrowserPlaybackRoutingResult; object InvalidRequest; class Rejected; class Dispatched
app/src/main/java/org/oxycblt/auxio/shippy/r16/browser/R16BrowserQueueResolver.kt	org.oxycblt.auxio.shippy.r16.browser	class R16BrowserQueueResolver; interface SelectionResult; class Index; class Rejected; interface R16BrowserQueueResolution; class Ready; class Rejected; class R16BrowserQueueRejection
app/src/main/java/org/oxycblt/auxio/shippy/r16/browser/R16MediaBrowserContract.kt	org.oxycblt.auxio.shippy.r16.browser	object R16MediaBrowserContract
app/src/main/java/org/oxycblt/auxio/shippy/r16/browser/R16MediaBrowserServiceAdapter.kt	org.oxycblt.auxio.shippy.r16.browser	class R16MediaBrowserServiceAdapter; interface PlaylistPlaybackContextDecode; class Valid; object Invalid
app/src/main/java/org/oxycblt/auxio/shippy/r16/home/R16ContinueUiState.kt	org.oxycblt.auxio.shippy.r16.home	class R16ContinueUiState; object R16ContinueUiStateMapper
app/src/main/java/org/oxycblt/auxio/shippy/r16/home/R16HistoryFragment.kt	org.oxycblt.auxio.shippy.r16.home	class R16HistoryFragment
app/src/main/java/org/oxycblt/auxio/shippy/r16/home/R16HomeFragment.kt	org.oxycblt.auxio.shippy.r16.home	class R16HomeFragment
app/src/main/java/org/oxycblt/auxio/shippy/r16/home/R16HomeHistoryAdapters.kt	org.oxycblt.auxio.shippy.r16.home	class R16HomeRecentAdapter; class R16HomeHistoryPagingAdapter; class R16HomeHistoryViewHolder
app/src/main/java/org/oxycblt/auxio/shippy/r16/home/R16HomeHistoryViewModel.kt	org.oxycblt.auxio.shippy.r16.home	class R16HomeHistoryViewModel
app/src/main/java/org/oxycblt/auxio/shippy/r16/home/R16HomePinnedShortcutsAdapter.kt	org.oxycblt.auxio.shippy.r16.home	class R16HomePinnedShortcutsAdapter; class ViewHolder
app/src/main/java/org/oxycblt/auxio/shippy/r16/library/R16LibraryArtistDetailFragment.kt	org.oxycblt.auxio.shippy.r16.library	class R16LibraryArtistDetailFragment
app/src/main/java/org/oxycblt/auxio/shippy/r16/library/R16LibraryArtistDetailViewModel.kt	org.oxycblt.auxio.shippy.r16.library	class R16LibraryArtistDetailViewModel
app/src/main/java/org/oxycblt/auxio/shippy/r16/library/R16LibraryArtistPagingAdapter.kt	org.oxycblt.auxio.shippy.r16.library	class R16LibraryArtistPagingAdapter; class ViewHolder
app/src/main/java/org/oxycblt/auxio/shippy/r16/library/R16LibraryArtistsFragment.kt	org.oxycblt.auxio.shippy.r16.library	class R16LibraryArtistsFragment
app/src/main/java/org/oxycblt/auxio/shippy/r16/library/R16LibraryArtistsViewModel.kt	org.oxycblt.auxio.shippy.r16.library	class R16LibraryArtistsViewModel
app/src/main/java/org/oxycblt/auxio/shippy/r16/library/R16LibraryPlaylistDetailFragment.kt	org.oxycblt.auxio.shippy.r16.library	class R16LibraryPlaylistDetailFragment
app/src/main/java/org/oxycblt/auxio/shippy/r16/library/R16LibraryPlaylistDetailViewModel.kt	org.oxycblt.auxio.shippy.r16.library	class R16LibraryPlaylistDetailViewModel; class R16PlaylistEntryRemovalCompletion; class R16PlaylistEntryMoveCompletion
app/src/main/java/org/oxycblt/auxio/shippy/r16/library/R16LibraryPlaylistEntryPagingAdapter.kt	org.oxycblt.auxio.shippy.r16.library	class R16LibraryPlaylistEntryPagingAdapter; class ViewHolder
app/src/main/java/org/oxycblt/auxio/shippy/r16/library/R16LibraryPlaylistPagingAdapter.kt	org.oxycblt.auxio.shippy.r16.library	class R16LibraryPlaylistPagingAdapter; class ViewHolder
app/src/main/java/org/oxycblt/auxio/shippy/r16/library/R16LibraryPlaylistsFragment.kt	org.oxycblt.auxio.shippy.r16.library	class R16LibraryPlaylistsFragment
app/src/main/java/org/oxycblt/auxio/shippy/r16/library/R16LibraryPlaylistsViewModel.kt	org.oxycblt.auxio.shippy.r16.library	class R16LibraryPlaylistsViewModel; class R16PlaylistLifecycleCompletion; interface R16PlaylistLifecycleEffect; class Created; object Updated; object Deleted; class Failure; class R16PlaylistLifecycleFailure
app/src/main/java/org/oxycblt/auxio/shippy/r16/library/R16LibraryReadModelsActivation.kt	org.oxycblt.auxio.shippy.r16.library	interface R16LibraryReadModelsModule; class R16LibraryReadModelsActivation
app/src/main/java/org/oxycblt/auxio/shippy/r16/library/R16LibrarySearchFragment.kt	org.oxycblt.auxio.shippy.r16.library	class R16LibrarySearchFragment
app/src/main/java/org/oxycblt/auxio/shippy/r16/library/R16LibrarySearchPlaylistPagingAdapter.kt	org.oxycblt.auxio.shippy.r16.library	class R16LibrarySearchPlaylistPagingAdapter; class ViewHolder
app/src/main/java/org/oxycblt/auxio/shippy/r16/library/R16LibrarySearchSectionHeaderAdapter.kt	org.oxycblt.auxio.shippy.r16.library	class R16LibrarySearchSectionHeaderAdapter; class ViewHolder
app/src/main/java/org/oxycblt/auxio/shippy/r16/library/R16LibrarySearchViewModel.kt	org.oxycblt.auxio.shippy.r16.library	class R16LibrarySearchViewModel
app/src/main/java/org/oxycblt/auxio/shippy/r16/library/R16LibrarySongPagingAdapter.kt	org.oxycblt.auxio.shippy.r16.library	class R16LibrarySongPagingAdapter; class ViewHolder
app/src/main/java/org/oxycblt/auxio/shippy/r16/library/R16LibrarySongsFragment.kt	org.oxycblt.auxio.shippy.r16.library	class R16LibrarySongsFragment
app/src/main/java/org/oxycblt/auxio/shippy/r16/library/R16LibrarySongsViewModel.kt	org.oxycblt.auxio.shippy.r16.library	class R16LibrarySongsViewModel
app/src/main/java/org/oxycblt/auxio/shippy/r16/library/R16MediaBrowserPagingSource.kt	org.oxycblt.auxio.shippy.r16.library	class R16MediaBrowserPagingSource
app/src/main/java/org/oxycblt/auxio/shippy/r16/library/R16PlaylistSortSheet.kt	org.oxycblt.auxio.shippy.r16.library	class R16PlaylistSortSheet; class R16PlaylistSortModeAdapter
app/src/main/java/org/oxycblt/auxio/shippy/r16/library/R16SystemCollectionDetailFragment.kt	org.oxycblt.auxio.shippy.r16.library	class R16SystemCollectionDetailFragment
app/src/main/java/org/oxycblt/auxio/shippy/r16/library/R16SystemCollectionDetailViewModel.kt	org.oxycblt.auxio.shippy.r16.library	class R16SystemCollectionDetailViewModel
app/src/main/java/org/oxycblt/auxio/shippy/r16/library/R16SystemCollectionsFragment.kt	org.oxycblt.auxio.shippy.r16.library	class R16SystemCollectionsFragment
app/src/main/java/org/oxycblt/auxio/shippy/r16/migration/R16MigrationAppAdapters.kt	org.oxycblt.auxio.shippy.r16.migration	class R16MigrationBackupCoverage; class R16MigrationBackupCoverageAdapter; class R16MigrationStorageAdapter; class R16MigrationFolderProbeResult; class R16MigrationFolderInspectionAdapter; class AndroidR16MigrationFolderProbe; class R16MigrationAssetVerifierAdapter; class AndroidR16MigrationAssetProbe; class R16MigrationAssetMetadata
app/src/main/java/org/oxycblt/auxio/shippy/r16/migration/R16MigrationEntryRuntime.kt	org.oxycblt.auxio.shippy.r16.migration	class R16MigrationEntryRuntime; class RuntimeOwner
app/src/main/java/org/oxycblt/auxio/shippy/r16/migration/R16MigrationFragment.kt	org.oxycblt.auxio.shippy.r16.migration	class R16MigrationFragment
app/src/main/java/org/oxycblt/auxio/shippy/r16/migration/R16MigrationProcessGate.kt	org.oxycblt.auxio.shippy.r16.migration	class R16MigrationProcessGate; class Lease
app/src/main/java/org/oxycblt/auxio/shippy/r16/migration/R16MigrationViewModel.kt	org.oxycblt.auxio.shippy.r16.migration	class R16MigrationUiStatus; class R16MigrationUiState; class R16MigrationViewModel
app/src/main/java/org/oxycblt/auxio/shippy/r16/offline/R16DownloadExecutionCoordinator.kt	org.oxycblt.auxio.shippy.r16.offline	interface R16DownloadExecutionResult; object Completed; object Retry; object AwaitingUser; object Failed; interface R16DownloadOperations; class AndroidR16DownloadOperations; class R16DownloadExecutionCoordinator; interface ResetResult; class Ready; class Done; interface PendingRegistration; class Ready; class StorageFailure; class Finished; class R16DownloadStopped; class R16DownloadOperationsModule
app/src/main/java/org/oxycblt/auxio/shippy/r16/offline/R16DownloadSourceResolver.kt	org.oxycblt.auxio.shippy.r16.offline	class R16DownloadSourceRequest; class R16DownloadSource; interface R16DownloadSourceResolution; class Ready; class Rejected; class Failed; class R16DownloadSourceRejection; class R16DownloadSourceResolver
app/src/main/java/org/oxycblt/auxio/shippy/r16/offline/R16DownloadWorkScheduler.kt	org.oxycblt.auxio.shippy.r16.offline	class R16DownloadWorkScheduler
app/src/main/java/org/oxycblt/auxio/shippy/r16/offline/R16DownloadWorker.kt	org.oxycblt.auxio.shippy.r16.offline	class R16DownloadWorker; class R16DownloadWorkerDecision
app/src/main/java/org/oxycblt/auxio/shippy/r16/offline/R16Media3DownloadVerifier.kt	org.oxycblt.auxio.shippy.r16.offline	interface R16Media3ReadabilityResult; object Readable; class Unreadable; class R16Media3UnreadableReason; class R16Media3DownloadVerifier; class ProbePhase; class R16AudioContainer
app/src/main/java/org/oxycblt/auxio/shippy/r16/offline/SafR16DownloadDestination.kt	org.oxycblt.auxio.shippy.r16.offline	class R16PendingDownloadDocument; class SafR16DownloadDestination; interface DestinationCheck; class Ready; class Failure
app/src/main/java/org/oxycblt/auxio/shippy/r16/offline/SafR16ManagedDownloadStorage.kt	org.oxycblt.auxio.shippy.r16.offline	class SafR16ManagedDownloadStorage
app/src/main/java/org/oxycblt/auxio/shippy/r16/playback/Media3PlayerAdapter.kt	org.oxycblt.auxio.shippy.r16.playback	class R16MediaItemTag; class Media3ProjectedItem; class Media3TransactionProjection; object Media3TransactionProjector; class Media3PlayerAdapter
app/src/main/java/org/oxycblt/auxio/shippy/r16/playback/PlaybackCoordinator.kt	org.oxycblt.auxio.shippy.r16.playback	interface R16PlaybackAuthority; class PlaybackCoordinator; interface CoordinatorEvent; class Command; class Core; class EngineObservation; class ListeningTick; class Restore; interface CommandReduction; class Accepted; class Rejected
app/src/main/java/org/oxycblt/auxio/shippy/r16/playback/PlaybackListening.kt	org.oxycblt.auxio.shippy.r16.playback	interface PlaybackClock; object SystemPlaybackClock; object RandomListeningSessionIdFactory; object NoOpListeningSessionSink
app/src/main/java/org/oxycblt/auxio/shippy/r16/playback/PlaybackLocatorRegistry.kt	org.oxycblt.auxio.shippy.r16.playback	class PlaybackLocator; interface PlaybackLocatorResolution; class Ready; class Unavailable; class PlaybackLocatorRegistry; class RegistryPlaybackSourcePreparer; class Media3LocatorProjection; class RegistryMedia3ItemFactory
app/src/main/java/org/oxycblt/auxio/shippy/r16/playback/PlaybackSourcePreparer.kt	org.oxycblt.auxio.shippy.r16.playback	class PlaybackPreparationRequest; interface PlaybackPreparationResult; class Ready; class Unavailable; interface PlaybackSourcePreparer
app/src/main/java/org/oxycblt/auxio/shippy/r16/playback/PlaybackTrace.kt	org.oxycblt.auxio.shippy.r16.playback	class PlaybackTraceKind; class PlaybackTraceEvent; object NoOpPlaybackTraceSink; class BoundedPlaybackTraceRecorder
app/src/main/java/org/oxycblt/auxio/shippy/r16/playback/PlayerEngine.kt	org.oxycblt.auxio.shippy.r16.playback	class PreparedEngineItem; class PlayerTransaction; interface PlayerObservation; class CurrentItemCommitted; class PhaseChanged; class PositionChanged; class Failed; interface PlayerEngine
app/src/main/java/org/oxycblt/auxio/shippy/r16/playback/R16ListeningSessionDelivery.kt	org.oxycblt.auxio.shippy.r16.playback	class R16ListeningSessionDelivery
app/src/main/java/org/oxycblt/auxio/shippy/r16/playback/R16PlaybackLocatorResolver.kt	org.oxycblt.auxio.shippy.r16.playback	class R16PlaybackLocatorResolver; interface Materialization; class Asset; class Provider
app/src/main/java/org/oxycblt/auxio/shippy/r16/playback/R16PlaybackSpine.kt	org.oxycblt.auxio.shippy.r16.playback	class R16PlaybackSpine
app/src/main/java/org/oxycblt/auxio/shippy/r16/playback/R16PlaybackSpineFactory.kt	org.oxycblt.auxio.shippy.r16.playback	class R16PlaybackSpineFactory
app/src/main/java/org/oxycblt/auxio/shippy/r16/playback/service/R16PlaybackServiceOwner.kt	org.oxycblt.auxio.shippy.r16.playback.service	class R16PlaybackServiceOwnerLifecycle; class R16PlaybackServiceOwner; interface R16PlaybackServiceOwnerSpine; interface R16PlaybackServiceOwnerSurfaces; class R16PlaybackSpineComponent; class R16SystemSurfaceComponent
app/src/main/java/org/oxycblt/auxio/shippy/r16/playback/service/R16PlaybackServiceRuntime.kt	org.oxycblt.auxio.shippy.r16.playback.service	class R16PlaybackServiceLifecycle; class R16PlaybackServiceStatus; interface R16PlaybackServiceEndpoint; class R16PlaybackServiceRuntime; class CheckpointState; object R16PlaybackForegroundPolicy
app/src/main/java/org/oxycblt/auxio/shippy/r16/playback/service/R16QueuePageEndpoint.kt	org.oxycblt.auxio.shippy.r16.playback.service	class R16QueuePageRequest; class R16QueuePageEntry; class R16QueuePage; class R16QueueGoToRequest; interface R16QueueCommandResult; class Page; class GoToAccepted; class Rejected; class R16QueueRejection; class R16QueuePageEndpoint; class QueueEntryIndex; object R16QueueMediaCommands
app/src/main/java/org/oxycblt/auxio/shippy/r16/playback/system/R16MediaSessionAdapter.kt	org.oxycblt.auxio.shippy.r16.playback.system	object R16MediaSessionProjection; class R16MediaSessionCommandCallback; object R16ResumeCurrentMediaCommands; object R16RetryCurrentMediaCommands; class R16ResumeCurrentRequest; class R16RetryCurrentRequest
app/src/main/java/org/oxycblt/auxio/shippy/r16/playback/system/R16MediaSessionHolder.kt	org.oxycblt.auxio.shippy.r16.playback.system	class R16MediaSessionHolder
app/src/main/java/org/oxycblt/auxio/shippy/r16/playback/system/R16SystemPlaybackBridge.kt	org.oxycblt.auxio.shippy.r16.playback.system	class R16SystemQueueItem; class R16SystemPlaybackState; object R16SystemPlaybackProjector; class QueueIndex; class R16SystemProjectionIndexCache; class R16SystemPlaybackBridge; class R16SystemPlaybackCommands; interface R16ResumeCurrentResult; class Accepted; class Rejected
app/src/main/java/org/oxycblt/auxio/shippy/r16/playback/system/R16SystemPlaybackReceiver.kt	org.oxycblt.auxio.shippy.r16.playback.system	class R16SystemPlaybackReceiver
app/src/main/java/org/oxycblt/auxio/shippy/r16/playback/system/R16SystemSurfaceAdapters.kt	org.oxycblt.auxio.shippy.r16.playback.system	class R16SystemNowPlaying; object R16SystemNowPlayingProjection; class R16QuickSettingsState; object R16QuickSettingsProjection; class R16QuickSettingsAdapter; class R16SystemActionRouter
app/src/main/java/org/oxycblt/auxio/shippy/r16/playback/system/R16SystemSurfaceRuntime.kt	org.oxycblt.auxio.shippy.r16.playback.system	class R16SystemSurfaceRuntime
app/src/main/java/org/oxycblt/auxio/shippy/r16/playback/system/R16WidgetComponent.kt	org.oxycblt.auxio.shippy.r16.playback.system	class R16WidgetComponent
app/src/main/java/org/oxycblt/auxio/shippy/r16/playback/ui/R16MiniPlayerFragment.kt	org.oxycblt.auxio.shippy.r16.playback.ui	class R16MiniPlayerFragment; class R16MiniPlayerPhase; class R16MiniPlayerUiState; object R16MiniPlayerUiStateMapper
app/src/main/java/org/oxycblt/auxio/shippy/r16/playback/ui/R16NowPlayingFragment.kt	org.oxycblt.auxio.shippy.r16.playback.ui	class R16NowPlayingFragment; class R16NowPlayingPhase; class R16NowPlayingUiState; object R16NowPlayingUiStateMapper
app/src/main/java/org/oxycblt/auxio/shippy/r16/playback/ui/R16NowPlayingLikeViewModel.kt	org.oxycblt.auxio.shippy.r16.playback.ui	class R16NowPlayingLikeUiState; class R16NowPlayingLikeViewModel
app/src/main/java/org/oxycblt/auxio/shippy/r16/playback/ui/R16PlaylistDestinationPagingAdapter.kt	org.oxycblt.auxio.shippy.r16.playback.ui	class R16PlaylistDestinationPagingAdapter; class ViewHolder
app/src/main/java/org/oxycblt/auxio/shippy/r16/playback/ui/R16PlaylistDestinationPickerFragment.kt	org.oxycblt.auxio.shippy.r16.playback.ui	class R16PlaylistDestinationPickerFragment
app/src/main/java/org/oxycblt/auxio/shippy/r16/playback/ui/R16PlaylistDestinationPickerViewModel.kt	org.oxycblt.auxio.shippy.r16.playback.ui	class R16PlaylistDestinationPickerViewModel; class R16PlaylistDestinationCompletion
app/src/main/java/org/oxycblt/auxio/shippy/r16/playback/ui/R16QueueAdapter.kt	org.oxycblt.auxio.shippy.r16.playback.ui	class R16QueueRow; class R16QueueAdapter; class ViewHolder
app/src/main/java/org/oxycblt/auxio/shippy/r16/playback/ui/R16QueueFragment.kt	org.oxycblt.auxio.shippy.r16.playback.ui	class R16QueueFragment
app/src/main/java/org/oxycblt/auxio/shippy/r16/search/R16GlobalSearchCoordinator.kt	org.oxycblt.auxio.shippy.r16.search	class R16CanonicalSearchResult; class R16SearchProvider; class R16ProviderSearchResult; interface R16ProviderSearchContent; object Idle; object Loading; class Results; class Failure; class R16ProviderSearchSection; interface R16SearchPlayResult; class Played; class Rejected; class R16GlobalSearchState; class R16GlobalSearchCoordinator
app/src/main/java/org/oxycblt/auxio/shippy/r16/search/R16GlobalSearchFragment.kt	org.oxycblt.auxio.shippy.r16.search	class R16GlobalSearchFragment
app/src/main/java/org/oxycblt/auxio/shippy/r16/search/R16GlobalSearchRowAdapter.kt	org.oxycblt.auxio.shippy.r16.search	class R16GlobalSearchRow; class R16GlobalSearchRowAdapter; class Holder
app/src/main/java/org/oxycblt/auxio/shippy/r16/search/R16GlobalSearchViewModel.kt	org.oxycblt.auxio.shippy.r16.search	class R16GlobalSearchViewModel
app/src/main/java/org/oxycblt/auxio/shippy/r16/search/R16ProviderSearchSectionAdapter.kt	org.oxycblt.auxio.shippy.r16.search	class R16ProviderSearchSectionAdapter; interface Row; class Header; class Track; class Failure; class HeaderHolder; class TrackHolder; class FailureHolder
app/src/main/java/org/oxycblt/auxio/shippy/r16/source/DataRecordingIngestionStore.kt	org.oxycblt.auxio.shippy.r16.source	class DataRecordingIngestionStore; class DataRecordingIngestionTransaction
app/src/main/java/org/oxycblt/auxio/shippy/r16/source/DataSourceRepository.kt	org.oxycblt.auxio.shippy.r16.source	class DataSourceRepository
app/src/main/java/org/oxycblt/auxio/shippy/r16/source/MusikrLocalMediaEngine.kt	org.oxycblt.auxio.shippy.r16.source	class MusikrLocalMediaEngine; class LocalSnapshotCatalog; class MusikrSongSnapshot
app/src/main/java/org/oxycblt/auxio/shippy/r16/source/R16DevicePlaylistMigration.kt	org.oxycblt.auxio.shippy.r16.source	class R16DevicePlaylistMigrationStage; class R16DevicePlaylistMigrationCheckpoint; class R16DevicePlaylistMigrationPage; class R16DevicePlaylistMigration; class Resolution
app/src/main/java/org/oxycblt/auxio/shippy/r16/source/R16LocalReindexMigration.kt	org.oxycblt.auxio.shippy.r16.source	class R16LocalReindexProgress; class R16LocalReindexMigration
app/src/main/java/org/oxycblt/auxio/shippy/r16/source/R16MusikrMigrationBridgeImpl.kt	org.oxycblt.auxio.shippy.r16.source	class R16MusikrMigrationBridgeImpl; class R16MusikrPlaylistResolutionException; interface M5Checkpoint; class Local; class Playlists; object BridgeCheckpointCodec
app/src/main/java/org/oxycblt/auxio/shippy/r16/source/R16ProviderObservationRepository.kt	org.oxycblt.auxio.shippy.r16.source	class R16ProviderObservationRepository; class SourceNamespace
shippy-core/src/main/kotlin/app/shippy/core/asset/AssetModels.kt	app.shippy.core.asset	class MediaAssetKind; class AssetState; class AssetLocation; class AudioTechnicalMetadata; class ContentChecksum; class FingerprintReference; class MediaAsset
shippy-core/src/main/kotlin/app/shippy/core/crew/PortableRecordingDescriptor.kt	app.shippy.core.crew	class PortableArtistCredit; class PortableRecordingVersion; class PortableExternalIdentifier; class PortableSourceHint; class PortableArtworkHint; class PortableRecordingDescriptor
shippy-core/src/main/kotlin/app/shippy/core/identity/Ids.kt	app.shippy.core.identity	class RecordingId; class ArtistId; class ReleaseId; class SourceReferenceId; class MediaAssetId; class PlaylistId; class PlaylistEntryId; class QueueEntryId; class ListeningSessionId; class PortableRecordingId; class IdentityDecisionId; class MetadataObservationId; class ContributorId; class ProviderId
shippy-core/src/main/kotlin/app/shippy/core/identitymatch/ExactSourceIndex.kt	app.shippy.core.identitymatch	class ExactSourceIndex; interface ExactSourceLink; class Added; class Unchanged; class Conflict
shippy-core/src/main/kotlin/app/shippy/core/identitymatch/IdentityModels.kt	app.shippy.core.identitymatch	class MatchEvidenceKind; class MatchEvidence; class MatchDecision; class MatchAssessment; class MatchingFeatures; class RecordingDraft; class MatchCandidate; class IdentityRejection; interface IdentityOutcome; class Existing; class New; class Ambiguous; class Rejected
shippy-core/src/main/kotlin/app/shippy/core/identitymatch/MatchingPolicy.kt	app.shippy.core.identitymatch	object MetadataNormalizer; object RecordingVersionParser; class MatchingPolicy
shippy-core/src/main/kotlin/app/shippy/core/identitymatch/RecordingRedirects.kt	app.shippy.core.identitymatch	class RecordingRedirectGraph; interface RedirectMutation; class Added; class Unchanged; class Conflict; class RejectedCycle; class RecordingReferenceKind; class RecordingReferenceMove; class RecordingMergePlan; class RecordingUnmergePlan; object RecordingMergePlanner
shippy-core/src/main/kotlin/app/shippy/core/library/LibraryModels.kt	app.shippy.core.library	class R16SystemCollection; class LibraryRelationship; class Playlist; class PlaylistOriginKind; class PlaylistOrigin; class PlaylistEntry
shippy-core/src/main/kotlin/app/shippy/core/library/PlaylistSort.kt	app.shippy.core.library	class PlaylistSortMode; class PlaylistSortDirection; class PlaylistSort
shippy-core/src/main/kotlin/app/shippy/core/listening/ListeningSession.kt	app.shippy.core.listening	class AudibleTimeAccumulator; class ActiveListeningSession; object ListeningThresholdPolicy
shippy-core/src/main/kotlin/app/shippy/core/listening/ListeningSessionCompletion.kt	app.shippy.core.listening	class ListeningSessionCompletionReason; class ActiveListeningSessionCheckpoint; class FinalizedListeningSession
shippy-core/src/main/kotlin/app/shippy/core/listening/ListeningSessionTracker.kt	app.shippy.core.listening	class ListeningTrackerState; interface ListeningTrackerEvent; class Commit; class AudibleChanged; class Tick; class Seeked; class Finish; class ListeningTrackerTransition; class ListeningSessionTracker
shippy-core/src/main/kotlin/app/shippy/core/music/MetadataModels.kt	app.shippy.core.music	class MetadataSourceType; class MetadataSubjectKind; class MetadataSubject; class ExternalIdentifierKind; class ExternalIdentifier; class MetadataObservation; class MetadataField; class MetadataProvenance; class MetadataCandidate; class CanonicalMetadataValue; object CanonicalMetadataResolver; class UserMetadataOverride
shippy-core/src/main/kotlin/app/shippy/core/music/MusicModels.kt	app.shippy.core.music	class ArtistCredit; class ArtistCreditName; class ArtworkReference; class Explicitness; class VersionKind; class VersionTrait; class RecordingVersion; interface RecordingRetention; class Transient; object RecentHistory; object DurableReference; class Recording; class Artist; class ReleaseKind; class Release
shippy-core/src/main/kotlin/app/shippy/core/playback/EngineWindowPlanner.kt	app.shippy.core.playback	class EngineWindowPlan; class EngineWindowPlanner
shippy-core/src/main/kotlin/app/shippy/core/playback/PlaybackCheckpoint.kt	app.shippy.core.playback	class PlaybackCheckpoint
shippy-core/src/main/kotlin/app/shippy/core/playback/PlaybackCommand.kt	app.shippy.core.playback	interface PlaybackCommand; class PlayContext; object Play; class ResumeCurrent; class RetryCurrent; object Pause; object Next; object Previous; class GoTo; class SeekTo; class SetShuffle; class SetRepeat; class AddNext; class AddToEnd; class Move; class Remove; object Clear; interface PlaybackCommandResult; class Accepted; class Rejected; class PlaybackCommandRejection; interface PlaybackCommandRouter
shippy-core/src/main/kotlin/app/shippy/core/playback/PlaybackReducer.kt	app.shippy.core.playback	class RepeatMode; class PlaybackError; interface PlaybackPhase; object Idle; class Preparing; class Buffering; class Ready; class Playing; class Paused; class Recovering; class Failed; object Ended; class PositionAnchor; class PlaybackSourceHandle; class PlaybackRequestTag; class PlaybackWindowItem; class PlaybackSnapshot; interface PlaybackCoreEvent; class ReplaceContext; class QueueChanged; class SelectEntry; class RestoreContext; class SourceReady; class SourceUnavailable; class SourceRecoveryStarted; class WindowPrepared; class EngineCommitted; class EngineAdvanced; class EnginePhaseChanged; class EnginePosition; class EngineFailed; class SetPlayWhenReady; class SetRepeat; class CommittedEnginePhase; interface PlaybackEffect; class PrepareSource; class PrepareEngineWindow; class ApplyEngineWindow; class SetEnginePlayWhenReady; class SetEngineRepeat; class PlaybackReduction; class PlaybackReducer
shippy-core/src/main/kotlin/app/shippy/core/queue/QueueModels.kt	app.shippy.core.queue	class PlaybackOriginKind; class PlaybackOrigin; class QueueEntry; class QueueAnchor
shippy-core/src/main/kotlin/app/shippy/core/queue/QueueReducer.kt	app.shippy.core.queue	interface ShuffleState; object Off; class On; class QueueState; interface QueueMutationResult; class Applied; class Rejected; class QueueMutationRejection; class QueueReducer; interface AnchorResolution; class At; class Rejected
shippy-core/src/main/kotlin/app/shippy/core/source/SourceModels.kt	app.shippy.core.source	class SourceKind; class SourceItemType; class SourceKey; class AvailabilityState; class AvailabilityFailure; class AvailabilitySnapshot; class IdentityStatus; class SourceReference
shippy-core/src/main/kotlin/app/shippy/core/source/SourceSelectionPolicy.kt	app.shippy.core.source	class ResolutionCandidateKind; class PlaybackSourceCandidate; interface SourceSelectionResult; class Selected; object Unavailable; class SourceSelectionPolicy
shippy-data/src/main/kotlin/app/shippy/data/R16DataRuntime.kt	app.shippy.data	class R16DataRuntime
shippy-data/src/main/kotlin/app/shippy/data/backup/R16BackupContract.kt	app.shippy.data.backup	object R16BackupContract
shippy-data/src/main/kotlin/app/shippy/data/backup/R16BackupCoverage.kt	app.shippy.data.backup	interface R16BackupValue; class Text; class BooleanValue; class LongValue; class DoubleValue; class R16BackupValueKind; class R16PortableSettingsSnapshot; class R16SanitizedLastFmConfig; object R16BackupAllowlist
shippy-data/src/main/kotlin/app/shippy/data/backup/R16BackupCoverageCodec.kt	app.shippy.data.backup	object R16BackupCoverageCodec
shippy-data/src/main/kotlin/app/shippy/data/backup/R16BackupExporter.kt	app.shippy.data.backup	class R16BackupExporter; class R16BackupTableResult; class R16BackupSectionManifest; class CoveragePayloads; class R16BackupExportReport
shippy-data/src/main/kotlin/app/shippy/data/backup/R16BackupImporter.kt	app.shippy.data.backup	class R16BackupImporter; class TableSchema; class TableColumn; class R16BackupRestoreReport
shippy-data/src/main/kotlin/app/shippy/data/backup/R16BackupRuntime.kt	app.shippy.data.backup	class R16BackupRuntime; class R16BackupArchiveMetadata; class R16BackupArchiveEntryMetadata; class R16BackupExportResult; class R16BackupRestoreResult
shippy-data/src/main/kotlin/app/shippy/data/backup/ShippyBackupV1.kt	app.shippy.data.backup	class ShippyBackupSection; class ShippyBackupEntryManifest; class ShippyBackupManifest; class ShippyBackupV1Archive; class ShippyBackupV1StagedArchive; object ShippyBackupV1
shippy-data/src/main/kotlin/app/shippy/data/browser/R16MediaBrowser.kt	app.shippy.data.browser	class R16MediaBrowserPageRequest; class R16MediaBrowserPage; class R16MediaBrowserRecording; class R16MediaBrowserArtistSummary; class R16MediaBrowserPlaylistSummary; class R16MediaBrowserPlaylistEntry; class R16MediaBrowserPlaylistPlaybackSeed; class R16MediaBrowserPlaylistPlaybackContext; interface R16MediaBrowserItem; object Root; object LibrarySongs; object LibraryArtists; class SystemCollection; class SystemCollectionRecording; class Playlist; class PlaylistEntry; class Recording; class Artist; class ArtistRecording; interface R16MediaBrowserRepository; class RoomR16MediaBrowserRepository
shippy-data/src/main/kotlin/app/shippy/data/browser/R16MediaBrowserIdCodec.kt	app.shippy.data.browser	interface R16MediaBrowserId; object Root; object LibrarySongs; object LibraryArtists; class SystemCollection; class SystemCollectionRecording; class Playlist; class PlaylistEntry; class Recording; class Artist; class ArtistRecording; object R16MediaBrowserIdCodec
shippy-data/src/main/kotlin/app/shippy/data/db/R16LibraryMembershipTriggers.kt	app.shippy.data.db	object R16LibraryMembershipTriggers
shippy-data/src/main/kotlin/app/shippy/data/db/R16PlaylistSearchTriggers.kt	app.shippy.data.db	object R16PlaylistSearchTriggers
shippy-data/src/main/kotlin/app/shippy/data/db/ShippyR16Database.kt	app.shippy.data.db	class ShippyR16Database
shippy-data/src/main/kotlin/app/shippy/data/db/ShippyR16DatabaseMigrations.kt	app.shippy.data.db	object ShippyR16DatabaseMigrations
shippy-data/src/main/kotlin/app/shippy/data/db/dao/AssetDao.kt	app.shippy.data.db.dao	interface AssetDao
shippy-data/src/main/kotlin/app/shippy/data/db/dao/CatalogueMaintenanceDao.kt	app.shippy.data.db.dao	class CatalogueMaintenanceDao
shippy-data/src/main/kotlin/app/shippy/data/db/dao/DownloadDao.kt	app.shippy.data.db.dao	class DownloadDao
shippy-data/src/main/kotlin/app/shippy/data/db/dao/HistoryDao.kt	app.shippy.data.db.dao	class HistoryDao
shippy-data/src/main/kotlin/app/shippy/data/db/dao/IdentityDao.kt	app.shippy.data.db.dao	class IdentityDao
shippy-data/src/main/kotlin/app/shippy/data/db/dao/LastFmOutboxDao.kt	app.shippy.data.db.dao	interface LastFmOutboxDao
shippy-data/src/main/kotlin/app/shippy/data/db/dao/LegacyImportDao.kt	app.shippy.data.db.dao	interface LegacyImportDao
shippy-data/src/main/kotlin/app/shippy/data/db/dao/LibraryDao.kt	app.shippy.data.db.dao	interface LibraryDao
shippy-data/src/main/kotlin/app/shippy/data/db/dao/LibraryMembershipDao.kt	app.shippy.data.db.dao	class LibraryMembershipDao
shippy-data/src/main/kotlin/app/shippy/data/db/dao/LyricsDao.kt	app.shippy.data.db.dao	interface LyricsDao
shippy-data/src/main/kotlin/app/shippy/data/db/dao/MigrationAuditDao.kt	app.shippy.data.db.dao	class MigrationAuditDao
shippy-data/src/main/kotlin/app/shippy/data/db/dao/PlaybackCheckpointDao.kt	app.shippy.data.db.dao	class StoredPlaybackCheckpoint; class PlaybackCheckpointDao
shippy-data/src/main/kotlin/app/shippy/data/db/dao/PlaylistDao.kt	app.shippy.data.db.dao	class PlaylistDao; class PlaylistAdjacentMoveDirection; class PlaylistAdjacentMoveResult
shippy-data/src/main/kotlin/app/shippy/data/db/dao/ReadModelDao.kt	app.shippy.data.db.dao	class PlaylistEntryPlaybackSeedRow; class HomePinnedPlaylistRow; interface ReadModelDao
shippy-data/src/main/kotlin/app/shippy/data/db/dao/RecordingDao.kt	app.shippy.data.db.dao	class RecordingDao
shippy-data/src/main/kotlin/app/shippy/data/db/dao/SavedSourceDao.kt	app.shippy.data.db.dao	interface SavedSourceDao
shippy-data/src/main/kotlin/app/shippy/data/db/dao/SourceDao.kt	app.shippy.data.db.dao	class SourceDao
shippy-data/src/main/kotlin/app/shippy/data/db/entity/AssetEntities.kt	app.shippy.data.db.entity	class MediaAssetEntity; class AudioFingerprintEntity
shippy-data/src/main/kotlin/app/shippy/data/db/entity/IdentityAuditEntities.kt	app.shippy.data.db.entity	class IdentityDecisionEntity; class IdentityRejectionEntity; class EntityRedirectEntity; class MergeAuditEntity; class MigrationAuditEntity
shippy-data/src/main/kotlin/app/shippy/data/db/entity/IntegrationEntities.kt	app.shippy.data.db.entity	class DownloadJobEntity; class LastFmScrobbleOutboxEntity; class LyricsCacheEntity; class SavedSourceEntity
shippy-data/src/main/kotlin/app/shippy/data/db/entity/LibraryEntities.kt	app.shippy.data.db.entity	class LibraryRecordingEntity; class PlaylistEntity; class PlaylistEntryEntity; class LibraryLayoutEntryEntity; class UserMetadataOverrideEntity; class CanonicalFieldProvenanceEntity
shippy-data/src/main/kotlin/app/shippy/data/db/entity/LibraryMembershipIndexEntity.kt	app.shippy.data.db.entity	class LibraryMembershipIndexEntity
shippy-data/src/main/kotlin/app/shippy/data/db/entity/PlaybackHistoryEntities.kt	app.shippy.data.db.entity	class PlayHistoryEntity; class PlaybackCheckpointEntity; class PlaybackCheckpointEntryEntity
shippy-data/src/main/kotlin/app/shippy/data/db/entity/RecordingEntities.kt	app.shippy.data.db.entity	class RecordingEntity; class ArtistEntity; class ReleaseEntity; class RecordingArtistCreditEntity; class ReleaseTrackEntity
shippy-data/src/main/kotlin/app/shippy/data/db/entity/SourceEntities.kt	app.shippy.data.db.entity	class SourceReferenceEntity; class MetadataObservationEntity; class ExternalIdentifierEntity; class ArtworkReferenceEntity
shippy-data/src/main/kotlin/app/shippy/data/db/fts/PlaylistFts.kt	app.shippy.data.db.fts	class PlaylistFtsEntity
shippy-data/src/main/kotlin/app/shippy/data/db/fts/RecordingFts.kt	app.shippy.data.db.fts	class RecordingFtsEntity; class SearchDao
shippy-data/src/main/kotlin/app/shippy/data/db/transaction/CanonicalWriteTransactions.kt	app.shippy.data.db.transaction	class CanonicalWriteTransactions
shippy-data/src/main/kotlin/app/shippy/data/db/util/SparseOrderKey.kt	app.shippy.data.db.util	object SparseOrderKey
shippy-data/src/main/kotlin/app/shippy/data/db/view/LibraryViews.kt	app.shippy.data.db.view	class LibrarySongRowView; class PlaylistEntryRowView; class PlaylistSummaryRowView; class ArtistLibrarySummaryRow
shippy-data/src/main/kotlin/app/shippy/data/home/R16HomeReadRepository.kt	app.shippy.data.home	class R16HomeHistoryItem; class R16HomePinnedPlaylistShortcut; interface R16HomeReadRepository; class RoomR16HomeReadRepository
shippy-data/src/main/kotlin/app/shippy/data/ingest/R16IngestionRepository.kt	app.shippy.data.ingest	class R16ObservedAsset; class R16SourceObservation; class R16ExistingSource; class R16ManagedAsset; class R16IdentityCandidate; class R16AssetWriteMode; class R16IngestionCommand; interface R16IngestionSession; interface R16IngestionRepository
shippy-data/src/main/kotlin/app/shippy/data/ingest/RoomR16IngestionRepository.kt	app.shippy.data.ingest	class RoomR16IngestionRepository; class RoomR16IngestionSession; object StableIngestionIds
shippy-data/src/main/kotlin/app/shippy/data/lastfm/R16LastFmOutboxRepository.kt	app.shippy.data.lastfm	class R16LastFmOutboxEntry; interface R16LastFmOutboxRepository; class RoomR16LastFmOutboxRepository
shippy-data/src/main/kotlin/app/shippy/data/library/R16LibraryMutationRepository.kt	app.shippy.data.library	interface R16LibraryMutationRepository; interface R16PlaylistLifecycleResult; class Created; object Updated; object Deleted; object InvalidName; object NotFound; object Failed; interface R16PlaylistEntryAddResult; class Added; object PlaylistNotFound; object RecordingNotFound; object Failed; class R16PlaylistEntryMoveDirection; interface R16PlaylistEntryMoveResult; object Moved; object AtBoundary; object NotFound; object NotCustomOrder; object Failed; class RoomR16LibraryMutationRepository; class PlaylistOwnershipStatus
shippy-data/src/main/kotlin/app/shippy/data/library/R16LibraryReadRepository.kt	app.shippy.data.library	interface R16LibraryReadRepository; class R16LibrarySongQuery; class R16LibraryPlaylistQuery; class R16LibrarySearchQuery; class RoomR16LibraryReadRepository
shippy-data/src/main/kotlin/app/shippy/data/listening/R16ListeningSessionRepository.kt	app.shippy.data.listening	class R16ListeningSessionRecord; class R16ListeningSessionPersistResult; interface R16ListeningSessionRepository; class RoomR16ListeningSessionRepository; class CanonicalScrobbleMetadata
shippy-data/src/main/kotlin/app/shippy/data/maintenance/R16CatalogueMaintenance.kt	app.shippy.data.maintenance	object R16CatalogueRetentionPolicy; class R16CatalogueGcProtections; class R16CatalogueGcRequest; class R16CatalogueGcResult; interface R16CatalogueMaintenance; class RoomR16CatalogueMaintenance
shippy-data/src/main/kotlin/app/shippy/data/migration/ImportPlan.kt	app.shippy.data.migration	class LegacyImportPhase; class LegacyImportCheckpoint; object R15ToR16ImportPlan
shippy-data/src/main/kotlin/app/shippy/data/migration/LegacyCandidateImporter.kt	app.shippy.data.migration	class VerifiedLegacyAsset; class CandidatePageImportResult; class LegacyCandidateImporter
shippy-data/src/main/kotlin/app/shippy/data/migration/LegacyCanonicalTrackImporter.kt	app.shippy.data.migration	class CanonicalTrackPageImportResult; class LegacyCanonicalTrackImporter; class MappedLegacyTrack
shippy-data/src/main/kotlin/app/shippy/data/migration/LegacyCrewCheckpointDispositionRecorder.kt	app.shippy.data.migration	class LegacyCrewCheckpointDisposition; class LegacyCrewCheckpointDispositionResult; class LegacyCrewCheckpointDispositionRecorder
shippy-data/src/main/kotlin/app/shippy/data/migration/LegacyDatabaseReader.kt	app.shippy.data.migration	class LegacySchemaSnapshot; class LegacyCanonicalTrackRow; class LegacyCanonicalCandidateRow; class LegacyLibraryRelationshipRow; class LegacyUserPlaylistRow; class LegacyPlaylistMembershipRow; class LegacyDownloadJobRow; class LegacyLyricsRow; class LegacyLastFmOutboxRow; class LegacyPlaybackCheckpointItemRow; class LegacyPlaybackCheckpointRow; class LegacySavedProviderEntityRow; class LegacyCrewCheckpointRow; class LegacyDatabaseReader; class MembershipKey; class LegacyPlaylistMembershipStream; class LegacyCrewCheckpointHeader
shippy-data/src/main/kotlin/app/shippy/data/migration/LegacyDownloadImporter.kt	app.shippy.data.migration	class DownloadJobPageImportResult; class LegacyDownloadImporter; class RequestedExactKey; class SanitizedDownloadProgress; class MappedDownloadState
shippy-data/src/main/kotlin/app/shippy/data/migration/LegacyIdMapper.kt	app.shippy.data.migration	object LegacyIdMapper
shippy-data/src/main/kotlin/app/shippy/data/migration/LegacyLastFmOutboxImporter.kt	app.shippy.data.migration	class LastFmOutboxPageImportResult; class LegacyLastFmOutboxImporter
shippy-data/src/main/kotlin/app/shippy/data/migration/LegacyLibraryRelationshipImporter.kt	app.shippy.data.migration	class LibraryRelationshipPageImportResult; class LegacyLibraryRelationshipImporter
shippy-data/src/main/kotlin/app/shippy/data/migration/LegacyLyricsImporter.kt	app.shippy.data.migration	class LyricsPageImportResult; class LegacyLyricsImporter
shippy-data/src/main/kotlin/app/shippy/data/migration/LegacyPlaybackCheckpointImporter.kt	app.shippy.data.migration	class PlaybackCheckpointImportResult; class LegacyPlaybackCheckpointImporter; class SurvivingCheckpointItem; class ConvertedPlaybackCheckpoint
shippy-data/src/main/kotlin/app/shippy/data/migration/LegacyPlaylistImporter.kt	app.shippy.data.migration	class PlaylistPageImportResult; class PlaylistMembershipPageImportResult; class LegacyPlaylistImporter
shippy-data/src/main/kotlin/app/shippy/data/migration/LegacySavedSourceImporter.kt	app.shippy.data.migration	class SavedSourcePageImportResult; class LegacySavedSourceImporter
shippy-data/src/main/kotlin/app/shippy/data/migration/MigrationExpectedCountEvidence.kt	app.shippy.data.migration	class MigrationExpectedCountDelta; object MigrationExpectedCountEvidence
shippy-data/src/main/kotlin/app/shippy/data/migration/MigrationVerifier.kt	app.shippy.data.migration	class MigrationExpectedCounts; class MigrationActualCounts; class MigrationVerificationIssue; class MigrationVerificationReport; class MigrationVerifier
shippy-data/src/main/kotlin/app/shippy/data/migration/R16DevicePlaylistImporter.kt	app.shippy.data.migration	class R16DevicePlaylistImport; class R16DevicePlaylistPageResult; interface R16DevicePlaylistImportRepository; class RoomR16DevicePlaylistImportRepository
shippy-data/src/main/kotlin/app/shippy/data/migration/R16LocalReindexAudit.kt	app.shippy.data.migration	class R16LocalReindexCheckpoint; interface R16LocalReindexAudit; class RoomR16LocalReindexAudit
shippy-data/src/main/kotlin/app/shippy/data/migration/R16M14Cutover.kt	app.shippy.data.migration	class R16M14CutoverOutcome; class R16M14CutoverResult; class R16M14Cutover
shippy-data/src/main/kotlin/app/shippy/data/migration/R16MigrationBootstrapStore.kt	app.shippy.data.migration	class R16MigrationStatus; class R16MigrationBootstrapState; interface R16MigrationBootstrapLoadResult; object Missing; class Loaded; class Corrupt; class R16MigrationBootstrapStore
shippy-data/src/main/kotlin/app/shippy/data/migration/R16StartupState.kt	app.shippy.data.migration	class R16StartupState; class R16StartupStateReader
shippy-data/src/main/kotlin/app/shippy/data/migration/orchestration/R16MigrationOrchestrator.kt	app.shippy.data.migration.orchestration	class R16MigrationPhaseResult; class R16MigrationPhaseContext; interface R16MigrationPhaseHandler; class R16MigrationOutcome; class R16MigrationOrchestrationResult; class R16MigrationOrchestrator
shippy-data/src/main/kotlin/app/shippy/data/migration/pipeline/R16MigrationPipeline.kt	app.shippy.data.migration.pipeline	class R16MigrationCallbackPageResult; class R16MusikrDevicePlaylistPageRequest; class R16MusikrLocalReindexPageRequest; interface R16MusikrMigrationBridge; class R16MigrationPipelineFactory; class R16PlaylistCheckpoint; class Section; object R16MigrationCheckpointCodec
shippy-data/src/main/kotlin/app/shippy/data/migration/precutover/R16MigrationPreCutoverComposition.kt	app.shippy.data.migration.precutover	class R16MigrationFolderCheck; class R16MigrationFolderInspection; class R16MigrationPreCutoverComposition; class R16MigrationSnapshotPipeline; class R16MigrationM0Handler; class R16MigrationM13Handler; class RecoveryArchiveEvidence
shippy-data/src/main/kotlin/app/shippy/data/migration/precutover/R16MigrationPreCutoverRuntime.kt	app.shippy.data.migration.precutover	class R16MigrationPreCutoverPhase; class R16MigrationPreCutoverStatus; class R16MigrationPreCutoverOutcome; class R16MigrationPreCutoverState; class R16MigrationPreCutoverFailureReport; class R16MigrationPreCutoverResult; class R16MigrationPreCutoverStorage; class R16MigrationPreCutoverFolderCheck; class R16MigrationPreCutoverFolderInspection; class R16MigrationAssetKind; class R16MigrationAssetVerificationRequest; class R16MigrationVerifiedAsset; class R16MigrationPreCutoverOptions; class R16MigrationPreCutoverBootstrapException; class R16MigrationPreCutoverCutoverStateException; class R16MigrationPreCutoverRuntime
shippy-data/src/main/kotlin/app/shippy/data/migration/preflight/LegacyV10Preflight.kt	app.shippy.data.migration.preflight	class LegacyV10PreflightEvidence; class LegacyV10Preflight
shippy-data/src/main/kotlin/app/shippy/data/offline/R16OfflineRepository.kt	app.shippy.data.offline	class R16DownloadJobState; class R16DownloadJobSnapshot; class R16DownloadRequest; class R16DownloadPublishingStart; class R16PendingCleanupEvidence; class R16DownloadRetryReset; class R16DownloadProgress; class R16DownloadVerificationEvidence; class R16VerifiedDownloadPublication; class R16ManagedDownloadRemoval; class R16ManagedDownloadTarget; class R16PhysicalRemovalResult; class R16OfflineRejection; interface R16OfflineMutationResult; class Applied; class Rejected; interface R16OfflineRepository; class RoomR16OfflineRepository; class ExactTarget
shippy-data/src/main/kotlin/app/shippy/data/playback/PlaybackCheckpointIntegrity.kt	app.shippy.data.playback	object PlaybackCheckpointIntegrity
shippy-data/src/main/kotlin/app/shippy/data/playback/R16PlaybackCheckpointRepository.kt	app.shippy.data.playback	interface R16PlaybackCheckpointRepository; class RoomR16PlaybackCheckpointRepository; class StoredQueueEntryMetadata
shippy-data/src/main/kotlin/app/shippy/data/playback/R16PlaybackPresentationRepository.kt	app.shippy.data.playback	class R16RecordingPresentation; interface R16PlaybackPresentationRepository; class RoomR16PlaybackPresentationRepository
shippy-data/src/main/kotlin/app/shippy/data/playback/R16PlaybackSourceRepository.kt	app.shippy.data.playback	class R16PlayableAsset; class R16PlaybackSourceOptions; interface R16PlaybackSourceRepository; class RoomR16PlaybackSourceRepository
shippy-data/src/main/kotlin/app/shippy/data/source/R16SourceStateRepository.kt	app.shippy.data.source	interface R16SourceStateRepository; class RoomR16SourceStateRepository
shippy-sources/src/main/kotlin/app/shippy/sources/asset/ManagedAssetRegistry.kt	app.shippy.sources.asset	class ManagedAssetEvidence; class ManagedAssetRecord; class ManagedAssetMatchEvidence; interface ManagedAssetMatch; class Exact; class Probable; object None; class ManagedAssetRegistry
shippy-sources/src/main/kotlin/app/shippy/sources/enrichment/EnrichmentCoordinator.kt	app.shippy.sources.enrichment	class EnrichmentTrigger; class EnrichmentWork; class EnrichmentWorkState; interface EnrichmentWorkScheduler; class EnrichmentCoordinator
shippy-sources/src/main/kotlin/app/shippy/sources/ingest/RecordingIngestor.kt	app.shippy.sources.ingest	class ExistingSourceLink; class IngestionIdentityCandidate; class IngestionResolution; class RecordingIngestionWrite; class RecordingIngestionResult; interface RecordingIngestionTransaction; interface RecordingIngestionStore; class RecordingIngestor
shippy-sources/src/main/kotlin/app/shippy/sources/local/LocalMediaEngine.kt	app.shippy.sources.local	class LocalAssetKey; class LocalRootToken; class LocalScanReason; class LocalScanRequest; interface LocalScanState; object Idle; class Scanning; class Failed; interface LocalMediaChange; class Added; class Updated; class Removed; class LocalAssetHandle; class TagPatch; interface LocalDeleteResult; object Deleted; object Unsupported; class PermissionRequired; object Missing; class Failed; interface TagWriteResult; object Written; object Unsupported; class PermissionRequired; class Failed; class LocalMediaSnapshotDescriptor; class LocalMediaSnapshotPage; interface LocalMediaEngine
shippy-sources/src/main/kotlin/app/shippy/sources/observation/SourceTrackObservation.kt	app.shippy.sources.observation	class ObservedMediaAsset; class SourceTrackObservation
shippy-sources/src/main/kotlin/app/shippy/sources/provider/SourceDiscovery.kt	app.shippy.sources.provider	class SourceProviderDescriptor; class SourceDiscoveryFailureKind; class SourceDiscoveryFailure; class SourceEntityType; class SourceEntityKey; class SourceEntityObservation; class SourceDiscoverySection; class SourceDiscoverySnapshot; interface SourceDiscoveryRepository
shippy-sources/src/main/kotlin/app/shippy/sources/repository/SourceRepository.kt	app.shippy.sources.repository	interface SourceRepository; class SourceAvailabilityUpdate
